[
    {
        "sender": "Fitri",
        "receiver": "Meida",
        "message": "Halooo ini fitri. Semangat UAS nya",
        "verified": true,
        "timestamp": "2025-12-11T19:22:59.089899"
    },
    {
        "sender": "Fitri",
        "receiver": "Meida",
        "message": "Halooo ini fitri. Semangat UAS nya",
        "verified": true,
        "timestamp": "2025-12-11T19:23:08.235366"
    },
    {
        "sender": "Fitri",
        "receiver": "Darista",
        "message": "Halooo ini fitri. Semangat UAS nya",
        "verified": true,
        "timestamp": "2025-12-11T19:26:20.548936"
    },
    {
        "sender": "Fitri",
        "receiver": "Darista",
        "message": "Halooo ini fitri. Semangat UAS nya",
        "verified": true,
        "timestamp": "2025-12-11T19:26:25.473372"
    },
    {
        "sender": "Fitri",
        "receiver": "Meida",
        "message": "Morninggg, Happy Friyayy",
        "verified": true,
        "timestamp": "2025-12-12T11:31:06.689449"
    }
]