[
    {
        "username": "Fitri",
        "message": "Halooo ini fitri. Semangat UAS nya",
        "verified": true,
        "timestamp": "2025-12-11T18:27:08.971783"
    },
    {
        "username": "Fitri",
        "message": "Halooo ini fitri. Semangat UAS nya",
        "verified": true,
        "timestamp": "2025-12-11T18:27:14.696567"
    },
    {
        "username": "Fitri",
        "message": "Morninggg, Happy Friyayy",
        "verified": true,
        "timestamp": "2025-12-12T08:14:52.259271"
    }
]