{
    "example": "-----BEGIN PUBLIC KEY-----\nMFYwEAYHKoZIzj0CAQYFK4EEAAoDQgAEDsVx5eA+kPcs0wpH/Tz7YgGDFE9CHt33\nhjZCQCulgotEaYhpEYPzdEJ6tDYk/QVZKrGxoJvZQ9F8GqhYpVdMxQ==\n-----END PUBLIC KEY-----\n",
    "Fitri": "-----BEGIN PUBLIC KEY-----\nMCowBQYDK2VwAyEAo5iM2TucjHBZHLYiw5mYXSgFeYG8xtCGkZplnWTmdoE=\n-----END PUBLIC KEY-----\n",
    "Darista": "-----BEGIN PUBLIC KEY-----\nMCowBQYDK2VwAyEAeEUKGVFmQdzy3JSUdCyDkHrsflSCmNHSD8KFazbRIT0=\n-----END PUBLIC KEY-----\n",
    "Meida": "-----BEGIN PUBLIC KEY-----\nMCowBQYDK2VwAyEA5FRkpK/2fDCNuqYkN0CYI/DlegdgtL8U2NFeJHf41AA=\n-----END PUBLIC KEY-----\n",
    "server": "-----BEGIN PUBLIC KEY-----\nMFYwEAYHKoZIzj0CAQYFK4EEAAoDQgAEDsVx5eA+kPcs0wpH/Tz7YgGDFE9CHt33\nhjZCQCulgotEaYhpEYPzdEJ6tDYk/QVZKrGxoJvZQ9F8GqhYpVdMxQ==\n-----END PUBLIC KEY-----\n",
    "server 2": "-----BEGIN PUBLIC KEY-----\nMCowBQYDK2VwAyEAGhPe0PucfJmIY0ITcypMcroVWu9YYtXVgtxwODCiGsA=\n-----END PUBLIC KEY-----\n",
    "Pak Huda": "-----BEGIN PUBLIC KEY-----\nMCowBQYDK2VwAyEAGhPe0PucfJmIY0ITcypMcroVWu9YYtXVgtxwODCiGsA=\n-----END PUBLIC KEY-----\n"
}