[
    {
        "username": "Fitri",
        "message": "Halooo ini fitri. Semangat UAS nya",
        "verified": true,
        "timestamp": "2025-12-11T18:27:08.971783"
    },
    {
        "username": "Fitri",
        "message": "Halooo ini fitri. Semangat UAS nya",
        "verified": true,
        "timestamp": "2025-12-11T18:27:14.696567"
    },
    {
        "username": "Fitri",
        "message": "Morninggg, Happy Friyayy",
        "verified": true,
        "timestamp": "2025-12-12T08:14:52.259271"
    },
    {
        "username": "Meida",
        "message": "ini contoh",
        "verified": false,
        "timestamp": "2025-12-19T07:24:29.515409"
    },
    {
        "username": "Fitri",
        "message": "ini contoh",
        "verified": true,
        "timestamp": "2025-12-19T07:24:46.322068"
    },
    {
        "username": "Meida",
        "message": "ini contoh",
        "verified": false,
        "timestamp": "2025-12-19T07:25:16.602544"
    },
    {
        "username": "Fitri",
        "message": "ini contoh",
        "verified": true,
        "timestamp": "2025-12-19T07:25:29.476983"
    },
    {
        "username": "Fitri",
        "message": "ini contoh lagi",
        "verified": true,
        "timestamp": "2025-12-19T08:30:49.263628"
    },
    {
        "username": "Fitri",
        "verified": false,
        "timestamp": "2025-12-19T12:36:34.603011"
    },
    {
        "username": "Fitri",
        "verified": false,
        "timestamp": "2025-12-19T12:36:53.186691"
    },
    {
        "username": "Fitri",
        "verified": false,
        "timestamp": "2025-12-19T12:37:14.950828"
    },
    {
        "username": "Fitri",
        "verified": false,
        "timestamp": "2025-12-19T12:37:34.520073"
    },
    {
        "username": "Fitri",
        "verified": false,
        "timestamp": "2025-12-19T12:37:44.505834"
    },
    {
        "username": "Fitri",
        "verified": false,
        "timestamp": "2025-12-19T12:38:07.575127"
    },
    {
        "username": "Fitri",
        "verified": false,
        "timestamp": "2025-12-19T12:38:23.616302"
    },
    {
        "username": "server 2",
        "verified": false,
        "timestamp": "2025-12-19T12:38:36.446617"
    },
    {
        "username": "Fitri",
        "verified": false,
        "timestamp": "2025-12-19T12:39:18.240461"
    },
    {
        "username": "Fitri",
        "verified": false,
        "timestamp": "2025-12-19T12:39:31.307427"
    },
    {
        "username": "Fitri",
        "verified": false,
        "timestamp": "2025-12-19T12:40:14.540238"
    },
    {
        "username": "server",
        "verified": false,
        "timestamp": "2025-12-19T12:40:44.823819"
    }
]